-- Sample test input for ethereum GUI. Can be used to check the views manually without running the persistence plugin first.
INSERT INTO
  block
VALUES
  (
    '15690287',
    '2022-1-1T12:00:01Z',
    '0x2d9eb76055a6c0ccaac1f3d9b25f9763dc8d0b5a71e79236321bac0f478429ae',
    26,
    '2022-1-1T12:00:01Z'
  ),
  (
    '15696528',
    '2022-10-07T15:29:54.000Z',
    '0x3f1d27d8d08249fde96b1ae8ba6be6d1d5692c14fc9f217168416b6617111155',
    350,
    '2022-10-07T13:29:55.000Z'
  ),
  (
    '15696527',
    '2022-10-07T15:30:54.000Z',
    '0x7a6e1aec17f10f62c1dc24c72a2f8c5ec80bd912828f0e63e4bad2bbcba58f07',
    82,
    '2022-10-07T13:30:40.000Z'
  ),
  (
    '15696526',
    '2022-10-07T15:34:22.000Z',
    '0xfd00e7a0d3cb75ea2260437cbd8dd447c3f66d03691432910722a86fc5da6534',
    138,
    '2022-10-07T13:34:22.000Z'
  ),
  (
    '15745924',
    '2022-10-07T15:36:22.000Z',
    '0x0f6fce3f731b81b4b6f742117160eafac2d9adfb6cf4c0d4ec95ba6e036c382a',
    193,
    '2022-10-07T15:36:22.000Z'
  ),
  (
    '15745811',
    '2022-10-07T15:37:22.000Z',
    '0x4c930f76139f67577e6bc98d13c447034ce2c6cd724925b114bc8f3ec9357d6e',
    44,
    '2022-10-07T15:37:22.000Z'
  ),
  (
    '15145924',
    '2022-10-07T15:39:22.000Z',
    '0xfe21558fad8389d05f99daf79017f188978889ff599362ba97fe20bc36451f13',
    80,
    '2022-10-07T15:39:22.000Z'
  );

INSERT INTO
  token_metadata_erc721
VALUES
  (
    '0x44D39e215C112c5AEC6a733d691B464aa62b3F85',
    '2021-1-1T12:00:01Z',
    'Anthony Hopkins - The Eternal',
    'ETERNAL'
  ),
  (
    '0x92324A569fa793485b44DA60b6663a8Cb8fC49A9',
    '2021-09-1T12:00:01Z',
    'GWEI GUYS',
    'GWEI'
  ),
  (
    '0x15ea13b66B3BaDb355FcfA6317C3b96567825037',
    '2021-09-1T12:00:01Z',
    'TAT-TWELVE ANONYMOUS TOURNAMENTS',
    'TAT'
  ),
  (
    '0x74211cA76D4CDd26c143E8FFD74469a04aE4e43B',
    '2021-09-1T12:00:01Z',
    'POTHEADZ by Satoshis Mom',
    'POTHEADZ'
  );

INSERT INTO
  token_metadata_erc20
VALUES
  (
    '0x514910771AF9Ca656af840dff83E8264EcF986CA',
    '2022-1-1T12:00:01Z',
    'ChainLink',
    'LINK',
    1000000000
  ),
  (
    '0x2b591e99afE9f32eAA6214f7B7629768c40Eeb39',
    '2022-1-09T12:00:01Z',
    'HEX',
    'HEX',
    581297893809.86402784
  ),
  (
    '0x9f8F72aA9304c8B593d555F12eF6589cC3A579A2',
    '2021-1-10T12:00:01Z',
    'MAKER',
    'MKR',
    977631.036950888222010062
  ),
  (
    '0x95aD61b0a150d79219dCF64E1E6Cc01f0B64C4cE',
    '2019-1-10T12:00:01Z',
    'SHIBA INU',
    'SHIB',
    999991104547780.409551281285309628
  );

INSERT INTO
  token_erc721
VALUES
  (
    extensions.uuid_generate_v4(),
    '0xCF76Abe378F0e9000B9de137c0BEdF87513d3541',
    '0x44D39e215C112c5AEC6a733d691B464aa62b3F85',
    'test',
    1234
  ),
  (
    extensions.uuid_generate_v4(),
    '0xCF76Abe378F0e9000B9de137c0BEdF87513d3541',
    '0x15ea13b66B3BaDb355FcfA6317C3b96567825037',
    'test',
    4321
  ),
  (
    extensions.uuid_generate_v4(),
    '0x350aa850e9c7feef38b7afe82f9d748deb3a8edf',
    '0x44D39e215C112c5AEC6a733d691B464aa62b3F85',
    'test',
    11623
  ),
  (
    extensions.uuid_generate_v4(),
    '0x41d1c1bbdd8ce06ac70b418f1d0c26e33e13b31f',
    '0x92324A569fa793485b44DA60b6663a8Cb8fC49A9',
    'test',
    5
  );

INSERT INTO
  transaction
VALUES
  (
    '4c969755-3ea2-4ea9-983f-419e7d49d36f',
    0,
    '0x572b29dac53c4c23685b8ce36233cfa57165f193cd3f15f45f3d5782d2802bc8',
    15690287,
    '0x690B9A9E9aa1C9dB991C7721a92d351Db4FaC990',
    '0x92324A569fa793485b44DA60b6663a8Cb8fC49A9',
    0.0265,
    'transfer',
    '0xa1448194'
  ),
  (
    '4b969755-3ea2-4ea9-983f-419e7d49d36f',
    1,
    '0x66ad6ab48a9cf245d6f122c31797b7faedcc8e61bd00cb6297acc709676c13a5',
    15696528,
    '0x974CaA59e49682CdA0AD2bbe82983419A2ECC400',
    '0x92324A569fa793485b44DA60b6663a8Cb8fC49A9',
    12.313,
    '',
    '0xb2443394'
  ),
  (
    '116beee1-1353-45a7-b352-b4e0d6b3eebf',
    0,
    '0x1db1126c2b713fc8a445517b0234c3948733015cbd6b743fa5911bd3e2d33f54',
    15696527,
    '0x690B9A9E9aa1C9dB991C7721a92d351Db4FaC990',
    '0x514910771AF9Ca656af840dff83E8264EcF986CA',
    0.0016,
    'transfer',
    '0xa1448194'
  ),
  (
    '155c23eb-cb68-4fa3-92d0-b739fe31b48e',
    0,
    '0x1f92a740cb307266eed8770f7883c924dc5a3e7af83e76e0fc53d64701651b1b',
    15696526,
    '0x974CaA59e49682CdA0AD2bbe82983419A2ECC400',
    '0x514910771AF9Ca656af840dff83E8264EcF986CA',
    0.005,
    '',
    '0xb2443394'
  ),
  (
    '31cca064-ff18-4b28-8bb7-9ce785e12bec',
    0,
    '0x1e5258e553cf021a5c99c5cbd3f4b7d42ba08477795040c3acc5418480687af8',
    15745924,
    '0x92324A569fa793485b44DA60b6663a8Cb8fC49A9',
    '0x514910771AF9Ca656af840dff83E8264EcF986CA',
    0.0025,
    'transfer',
    '0xa1448194'
  ),
  (
    '3cd1bde0-091f-4495-b688-352bd06237e0',
    1,
    '0x270baa921f6da72864529686321a2655266f55177fa3d0ea939c92f96e34cdc8',
    15745811,
    '0x125861641FC4407148b184e53291aE5EC5ebD302',
    '0x514910771AF9Ca656af840dff83E8264EcF986CA',
    1,
    '',
    '0xb2443394'
  ),
  (
    'a6b1762c-a04a-4081-9fc6-32dac1b128a3',
    0,
    '0x29929aae3c14f00e5163e0a5a47ac4592f9f3616e58d8efc2c35dcac71eab390',
    15145924,
    '0x0f04d77d21186Eb031195474c3E9Fa6226Ea3e64',
    '0x514910771AF9Ca656af840dff83E8264EcF986CA',
    22,
    'transfer',
    '0xa1448194'
  );

INSERT INTO
  token_transfer
VALUES
  (
    extensions.uuid_generate_v4(),
    '4c969755-3ea2-4ea9-983f-419e7d49d36f',
    '0x690B9A9E9aa1C9dB991C7721a92d351Db4FaC990',
    '0x125861641FC4407148b184e53291aE5EC5ebD302',
    4321
  ),
  (
    extensions.uuid_generate_v4(),
    '4b969755-3ea2-4ea9-983f-419e7d49d36f',
    '0x974CaA59e49682CdA0AD2bbe82983419A2ECC400',
    '0x125861641FC4407148b184e53291aE5EC5ebD302',
    1234
  ),
  (
    extensions.uuid_generate_v4(),
    '116beee1-1353-45a7-b352-b4e0d6b3eebf',
    '0x690B9A9E9aa1C9dB991C7721a92d351Db4FaC990',
    '0x92324A569fa793485b44DA60b6663a8Cb8fC49A9',
    25
  ),
  (
    extensions.uuid_generate_v4(),
    '155c23eb-cb68-4fa3-92d0-b739fe31b48e',
    '0x974CaA59e49682CdA0AD2bbe82983419A2ECC400',
    '0x92324A569fa793485b44DA60b6663a8Cb8fC49A9',
    15
  ),
  (
    extensions.uuid_generate_v4(),
    '31cca064-ff18-4b28-8bb7-9ce785e12bec',
    '0x92324A569fa793485b44DA60b6663a8Cb8fC49A9',
    '0x0f04d77d21186Eb031195474c3E9Fa6226Ea3e64',
    12
  ),
  (
    extensions.uuid_generate_v4(),
    '3cd1bde0-091f-4495-b688-352bd06237e0',
    '0x125861641FC4407148b184e53291aE5EC5ebD302',
    '0x92324A569fa793485b44DA60b6663a8Cb8fC49A9',
    50
  ),
  (
    extensions.uuid_generate_v4(),
    'a6b1762c-a04a-4081-9fc6-32dac1b128a3',
    '0x0f04d77d21186Eb031195474c3E9Fa6226Ea3e64',
    '0x125861641FC4407148b184e53291aE5EC5ebD302',
    32
  );